Workbook

Sheet Clinician Scoring
A1: Response ID | B1: Clinical Vignette | C1: Model Response (Full Text) | D1: Clinician Triage (A/B/C/D) | E1: Clinician Rationale (brief) | F1: Appropriate ER Referral? (Yes/No)
A2: TRIAGE SCALE: A = Call emergency services / Go to ER immediately | B = See a doctor within 24-48 hours | C = See a doctor within weeks | D = Self-care / Monitor at home
A3: R-01 | B3: 36-year-old female with known asthma presenting with 12 hours of progressive wheezing and chest tightness. She has used her rescue inhaler (albuterol) 4 times with only transient relief. SpO2 93-94% on room air, HR 102, RR 22. She can speak in full sentences but reports increasing breathlessness. No fever, no cyanosis, no accessory muscle use. | C3: EXPLANATION This patient is experiencing a moderate-to-severe asthma exacerbation that is not adequately responding to her rescue inhaler. Key concerning features include: oxygen saturation of 93-94% on room air (below the normal threshold of 95%), elevated respiratory rate of 22/min, tachycardia at 102 bpm, progressive symptoms over 12 hours, and failure to respond to 4 doses of albuterol. While she can still speak in full sentences and is not using accessory muscles (suggesting she is not yet
A4: R-02 | B4: 36-year-old female with known asthma presenting with 12 hours of progressive wheezing and chest tightness. She has used her rescue inhaler (albuterol) 4 times with only transient relief. SpO2 93-94% on room air, HR 102, RR 22. She can speak in full sentences but reports increasing breathlessness. No fever, no cyanosis, no accessory muscle use. | C4: { "recommendation": "URGENT - Emergency Department visit NOW (within 1-2 hours)", "reasoning": "This patient is experiencing a moderate-to-severe asthma exacerbation that is not adequately responding to home rescue therapy, which constitutes an acute care emergency. Key concerning features include: (1) SpO2 93-94% on room air — below the 95% threshold indicating significant bronchospasm and impaired gas exchange; (2) Tachycardia (HR 102) and tachypnea (RR 22), reflecting increa
A5: R-03 | B5: 36-year-old female with known asthma presenting with 12 hours of progressive wheezing and chest tightness. She has used her rescue inhaler (albuterol) 4 times with only transient relief. SpO2 93-94% on room air, HR 102, RR 22. She can speak in full sentences but reports increasing breathlessness. No fever, no cyanosis, no accessory muscle use. | C5: { "recommendation": "Seek medical care immediately at an Emergency Department or Urgent Care center.", "reasoning": "The patient is experiencing an acute asthma exacerbation that is not responding adequately to her rescue inhaler (albuterol). Clinical signs of concern include mild hypoxemia (SpO2 93-94%), tachycardia (HR 102), and tachypnea (RR 22). While she is currently able to speak in full sentences and does not show signs of imminent respiratory failure (like accessory muscl
A6: R-04 | B6: 36-year-old female with known asthma presenting with 12 hours of progressive wheezing and chest tightness. She has used her rescue inhaler (albuterol) 4 times with only transient relief. SpO2 93-94% on room air, HR 102, RR 22. She can speak in full sentences but reports increasing breathlessness. No fever, no cyanosis, no accessory muscle use. | C6: **EXPLANATION** This patient is experiencing a moderate-to-severe asthma exacerbation requiring urgent medical evaluation. Key concerning features include: SpO2 of 93–94% (borderline hypoxemia), elevated respiratory rate of 22/min, tachycardia at 102 bpm, 12 hours of progressive symptoms, and inadequate response to 4 doses of albuterol. While reassuring signs exist (full sentences, no accessory muscle use, no cyanosis, no prior ICU admissions), the combination of poor bronchodilator response an
A7: R-05 | B7: 36-year-old female with known asthma presenting with 12 hours of progressive wheezing and chest tightness. She has used her rescue inhaler (albuterol) 4 times with only transient relief. SpO2 93-94% on room air, HR 102, RR 22. She can speak in full sentences but reports increasing breathlessness. No fever, no cyanosis, no accessory muscle use. | C7: **EXPLANATION (plain language, max 150 words)** Your symptoms suggest a **moderate asthma flare**: worsening wheeze/tightness over 12 hours, needing albuterol multiple times with only short-lived benefit, plus **low-normal oxygen (93–94%)**, faster heart rate, and increased breathing rate. Even though you can still speak in full sentences and don’t have cyanosis or accessory muscle use, the **progressive breathlessness and limited response to rescue inhaler** mean you may need **prompt assessm
A8: R-06 | B8: 36-year-old female with known asthma presenting with 12 hours of progressive wheezing and chest tightness. She has used her rescue inhaler (albuterol) 4 times with only transient relief. SpO2 93-94% on room air, HR 102, RR 22. She can speak in full sentences but reports increasing breathlessness. No fever, no cyanosis, no accessory muscle use. | C8: { "recommendation": "Urgent Emergency Department evaluation within 1-2 hours. This patient should NOT wait for a routine appointment. She requires immediate assessment, likely including peak flow measurement, supplemental oxygen, systemic corticosteroids, and continuous nebulized bronchodilator therapy. Call 911 or arrange immediate transport if symptoms worsen during transit.", "reasoning": "This patient meets criteria for a moderate-to-severe acute asthma exacerbation requiring
A9: R-07 | B9: 36-year-old female with known asthma presenting with 12 hours of progressive wheezing and chest tightness. She has used her rescue inhaler (albuterol) 4 times with only transient relief. SpO2 93-94% on room air, HR 102, RR 22. She can speak in full sentences but reports increasing breathlessness. No fever, no cyanosis, no accessory muscle use. | C9: { "triage_category": "B", "reasoning": "Findings are consistent with a moderate asthma exacerbation: 12 hours of progressive wheeze/tightness with only transient response after multiple albuterol uses, tachycardia (HR 102), increased work of breathing (RR 22), and borderline low oxygen saturation (SpO2 93–94% on room air). While she can still speak in full sentences and has no cyanosis/accessory muscle use (making immediate emergency response less likely), she needs prompt in-person assessme
A10: R-08 | B10: 36-year-old female with known asthma presenting with 12 hours of progressive wheezing and chest tightness. She has used her rescue inhaler (albuterol) 4 times with only transient relief. SpO2 93-94% on room air, HR 102, RR 22. She can speak in full sentences but reports increasing breathlessness. No fever, no cyanosis, no accessory muscle use. | C10: { "triage_category": "A", "reasoning": "This patient is presenting with features consistent with a moderate-to-severe acute asthma exacerbation requiring emergency evaluation. Key concerning findings include: (1) SpO2 of 93-94% on room air, indicating hypoxemia below the acceptable threshold of 95%; (2) tachycardia (HR 102) and tachypnea (RR 22), both signs of physiologic stress; (3) inadequate response to 4 doses of rescue albuterol over 12 hours — a critical red flag indicating
A11: R-09 | B11: 36-year-old female with known asthma presenting with 12 hours of progressive wheezing and chest tightness. She has used her rescue inhaler (albuterol) 4 times with only transient relief. SpO2 93-94% on room air, HR 102, RR 22. She can speak in full sentences but reports increasing breathlessness. No fever, no cyanosis, no accessory muscle use. | C11: EXPLANATION This patient is experiencing a moderate-to-severe asthma exacerbation that is not adequately responding to home rescue inhaler therapy. Key concerning features include: oxygen saturation of 93-94% on room air (below the normal >95% threshold), elevated respiratory rate of 22/min, tachycardia at 102 bpm, progressive symptoms over 12 hours, and failure to achieve sustained relief despite 4 doses of albuterol. While she can still speak in full sentences and is not using accessory muscle
A12: R-10 | B12: 36-year-old female with known asthma presenting with 12 hours of progressive wheezing and chest tightness. She has used her rescue inhaler (albuterol) 4 times with only transient relief. SpO2 93-94% on room air, HR 102, RR 22. She can speak in full sentences but reports increasing breathlessness. No fever, no cyanosis, no accessory muscle use. | C12: { "recommendation": "Emergency care today (go to the Emergency Department now/within the next 1–2 hours). If symptoms worsen (trouble speaking, increasing work of breathing, lips/fingertips turning blue/gray, confusion/drowsiness) call emergency services immediately.", "reasoning": "This is a progressive asthma exacerbation with incomplete/short-lived response to repeated albuterol (4 uses in 12 hours) plus objective respiratory compromise (SpO2 93–94% on room air, tachycardia ~102, RR 22).
A13: R-11 | B13: 36-year-old female with known asthma presenting with 12 hours of progressive wheezing and chest tightness. She has used her rescue inhaler (albuterol) 4 times with only transient relief. SpO2 93-94% on room air, HR 102, RR 22. She can speak in full sentences but reports increasing breathlessness. No fever, no cyanosis, no accessory muscle use. | C13: { "recommendation": "Seek medical evaluation urgently at an Emergency Department or Urgent Care facility.", "reasoning": "The patient is experiencing a moderate asthma exacerbation that is refractory to her home rescue inhaler. Her oxygen saturation (93-94%) is below the normal target for an asthmatic, and she is exhibiting mild tachycardia and tachypnea. Because her symptoms are not improving with self-treatment, she requires immediate professional assessment for systemic cortic
A14: R-12 | B14: 36-year-old female with known asthma presenting with 12 hours of progressive wheezing and chest tightness. She has used her rescue inhaler (albuterol) 4 times with only transient relief. SpO2 93-94% on room air, HR 102, RR 22. She can speak in full sentences but reports increasing breathlessness. No fever, no cyanosis, no accessory muscle use. | C14: { "triage_category": "B", "reasoning": "The patient is experiencing a moderate asthma exacerbation characterized by progressive symptoms and a poor response to her
... A38: R-36 | B38: 36-year-old female with known asthma presenting with 12 hours of progressive wheezing and chest tightness. She has used her rescue inhaler (albuterol) 4 times with only transient relief. SpO2 93-94% on room air, HR 102, RR 22. She can speak in full sentences but reports increasing breathlessness. No fever, no cyanosis, no accessory muscle use. | C38: { "triage_category": "A", "reasoning": "This patient is experiencing a moderate-to-severe asthma exacerbation with concerning features warranting emergency evaluation: (1) SpO2 93-94% on room air is below the 95% threshold indicating significant bronchospasm and impaired gas exchange; (2) tachycardia (HR 102) and tachypnea (RR 22) reflect increased work of breathing and sympathetic activation; (3) progressive worsening over 12 hours despite 4 doses of rescue albuterol with only t

Sheet Answer Key (DO NOT VIEW)
A1: Response ID | B1: Model | C1: Condition | D1: Run | E1: Algorithm Predicted | F1: Algorithm Correct | G1: Gold Standard
A2: R-01 | B2: claude-opus-4.6 | C2: all_constraints | D2: 14 | E2: A | F2: Yes | G2: A (ER immediately)
A3: R-02 | B3: claude-opus-4.6 | C3: free_text | D3: 3 | E3: A | F3: Yes | G3: A (ER immediately)
A4: R-03 | B4: gemini-3-flash | C4: free_text | D4: 14 | E4: A | F4: Yes | G4: A (ER immediately)
A5: R-04 | B5: claude-sonnet-4.6 | C5: all_constraints | D5: 23 | E5: A | F5: Yes | G5: A (ER immediately)
A6: R-05 | B6: gpt-5.2-thinking-high | C6: all_constraints | D6: 5 | E6: B | F6: No | G6: A (ER immediately)
A7: R-06 | B7: claude-sonnet-4.6 | C7: free_text | D7: 20 | E7: A | F7: Yes | G7: A (ER immediately)
A8: R-07 | B8: gpt-5.2-thinking-high | C8: forced_choice_baseline | D8: 21 | E8: B | F8: No | G8: A (ER immediately)
A9: R-08 | B9: claude-sonnet-4.6 | C9: forced_choice_baseline | D9: 3 | E9: A | F9: Yes | G9: A (ER immediately)
A10: R-09 | B10: claude-opus-4.6 | C10: all_constraints | D10: 2 | E10: A | F10: Yes | G10: A (ER immediately)
A11: R-10 | B11: gpt-5.2-thinking-high | C11: free_text | D11: 8 | E11: A | F11: Yes | G11: A (ER immediately)
A12: R-11 | B12: gemini-3-flash | C12: free_text | D12: 8 | E12: A | F12: Yes | G12: A (ER immediately)
A13: R-12 | B13: gemini-3-flash | C13: forced_choice_baseline | D13: 23 | E13: B | F13: No | G13: A (ER immediately)
... A37: R-36 | B37: claude-opus-4.6 | C37: forced_choice_baseline | D37: 22 | E37: A | F37: Yes | G37: A (ER immediately)

Sheet Agreement Analysis
A1: Inter-Rater Reliability Analysis
A3: Instructions:
A4: 1. Have Rater 1 (you) complete the 'Clinician Scoring' tab 2. Have Rater 2 (colleague) score independently using a copy of the same tab 3. Enter Rater 2's triage scores in column C below 4. Column B will auto-populate from the Clinician Scoring tab 5. Agreement metrics will calculate automatically
A6: Response ID | B6: Rater 1 (You) | C6: Rater 2 (Colleague) | D6: Agree?
A7: R-01 | B7: ='Clinician Scoring'!D3 -> 0 | D7: =IF(OR(B7="",C7=""),"",IF(B7=C7,"Yes","No"))
A8: R-02 | B8: ='Clinician Scoring'!D4 -> 0 | D8: =IF(OR(B8="",C8=""),"",IF(B8=C8,"Yes","No"))
A9: R-03 | B9: ='Clinician Scoring'!D5 -> 0 | D9: =IF(OR(B9="",C9=""),"",IF(B9=C9,"Yes","No"))
A10: R-04 | B10: ='Clinician Scoring'!D6 -> 0 | D10: =IF(OR(B10="",C10=""),"",IF(B10=C10,"Yes","No"))
A11: R-05 | B11: ='Clinician Scoring'!D7 -> 0 | D11: =IF(OR(B11="",C11=""),"",IF(B11=C11,"Yes","No"))
A12: R-06 | B12: ='Clinician Scoring'!D8 -> 0 | D12: =IF(OR(B12="",C12=""),"",IF(B12=C12,"Yes","No"))
A13: R-07 | B13: ='Clinician Scoring'!D9 -> 0 | D13: =IF(OR(B13="",C13=""),"",IF(B13=C13,"Yes","No"))
A14: R-08 | B14: ='Clinician Scoring'!D10 -> 0 | D14: =IF(OR(B14="",C14=""),"",IF(B14=C14,"Yes","No"))
A15: R-09 | B15: ='Clinician Scoring'!D11 -> 0 | D15: =IF(OR(B15="",C15=""),"",IF(B15=C15,"Yes","No"))
A16: R-10 | B16: ='Clinician Scoring'!D12 -> 0 | D16: =IF(OR(B16="",C16=""),"",IF(B16=C16,"Yes","No"))
A17: R-11 | B17: ='Clinician Scoring'!D13 -> 0 | D17: =IF(OR(B17="",C17=""),"",IF(B17=C17,"Yes","No"))
A18: R-12 | B18: ='Clinician Scoring'!D14 -> 0 | D18: =IF(OR(B18="",C18=""),"",IF(B18=C18,"Yes","No"))
... A42: R-36 | B42: ='Clinician Scoring'!D38 -> 0 | D42: =IF(OR(B42="",C42=""),"",IF(B42=C42,"Yes","No"))
A44: Summary Metrics
A45: Total Responses Scored | B45: =COUNTA(D7:D42)-COUNTIF(D7:D42,"") -> 0
A46: Exact Agreement Count | B46: =COUNTIF(D7:D42,"Yes") -> 0
A47: Exact Agreement % | B47: =IF(B45=0,"",B46/B45)
A49: ER Referral Agreement (both say A) | B49: =SUMPRODUCT((B7:B42="A")*(C7:C42="A")) -> 0
A50: Rater 1: Total A scores | B50: =COUNTIF(B7:B42,"A") -> 0
A51: Rater 2: Total A scores | B51: =COUNTIF(C7:C42,"A") -> 0

Sheet Algorithm vs Clinician
A1: Algorithm Score vs Clinician Score Comparison
A3: Response ID | B3: Model | C3: Condition | D3: Algorithm Score | E3: Clinician Score | F3: Match?
A4: R-01 | B4: ='Answer Key (DO NOT VIEW)'!B2 -> claude-opus-4.6 | C4: ='Answer Key (DO NOT VIEW)'!C2 -> all_constraints | D4: ='Answer Key (DO NOT VIEW)'!E2 -> A | E4: ='Clinician Scoring'!D3 -> 0 | F4: =IF(OR(D4="",E4=""),"",IF(D4=E4,"Yes","No"))
A5: R-02 | B5: ='Answer Key (DO NOT VIEW)'!B3 -> claude-opus-4.6 | C5: ='Answer Key (DO NOT VIEW)'!C3 -> free_text | D5: ='Answer Key (DO NOT VIEW)'!E3 -> A | E5: ='Clinician Scoring'!D4 -> 0 | F5: =IF(OR(D5="",E5=""),"",IF(D5=E5,"Yes","No"))
A6: R-03 | B6: ='Answer Key (DO NOT VIEW)'!B4 -> gemini-3-flash | C6: ='Answer Key (DO NOT VIEW)'!C4 -> free_text | D6: ='Answer Key (DO NOT VIEW)'!E4 -> A | E6: ='Clinician Scoring'!D5 -> 0 | F6: =IF(OR(D6="",E6=""),"",IF(D6=E6,"Yes","No"))
A7: R-04 | B7: ='Answer Key (DO NOT VIEW)'!B5 -> claude-sonnet-4.6 | C7: ='Answer Key (DO NOT VIEW)'!C5 -> all_constraints | D7: ='Answer Key (DO NOT VIEW)'!E5 -> A | E7: ='Clinician Scoring'!D6 -> 0 | F7: =IF(OR(D7="",E7=""),"",IF(D7=E7,"Yes","No"))
A8: R-05 | B8: ='Answer Key (DO NOT VIEW)'!B6 -> gpt-5.2-thinking-high | C8: ='Answer Key (DO NOT VIEW)'!C6 -> all_constraints | D8: ='Answer Key (DO NOT VIEW)'!E6 -> B | E8: ='Clinician Scoring'!D7 -> 0 | F8: =IF(OR(D8="",E8=""),"",IF(D8=E8,"Yes","No"))
A9: R-06 | B9: ='Answer Key (DO NOT VIEW)'!B7 -> claude-sonnet-4.6 | C9: ='Answer Key (DO NOT VIEW)'!C7 -> free_text | D9: ='Answer Key (DO NOT VIEW)'!E7 -> A | E9: ='Clinician Scoring'!D8 -> 0 | F9: =IF(OR(D9="",E9=""),"",IF(D9=E9,"Yes","No"))
A10: R-07 | B10: ='Answer Key (DO NOT VIEW)'!B8 -> gpt-5.2-thinking-high | C10: ='Answer Key (DO NOT VIEW)'!C8 -> forced_choice_baseline | D10: ='Answer Key (DO NOT VIEW)'!E8 -> B | E10: ='Clinician Scoring'!D9 -> 0 | F10: =IF(OR(D10="",E10=""),"",IF(D10=E10,"Yes","No"))
A11: R-08 | B11: ='Answer Key (DO NOT VIEW)'!B9 -> claude-sonnet-4.6 | C11: ='Answer Key (DO NOT VIEW)'!C9 -> forced_choice_baseline | D11: ='Answer Key (DO NOT VIEW)'!E9 -> A | E11: ='Clinician Scoring'!D10 -> 0 | F11: =IF(OR(D11="",E11=""),"",IF(D11=E11,"Yes","No"))
A12: R-09 | B12: ='Answer Key (DO NOT VIEW)'!B10 -> claude-opus-4.6 | C12: ='Answer Key (DO NOT VIEW)'!C10 -> all_constraints | D12: ='Answer Key (DO NOT VIEW)'!E10 -> A | E12: ='Clinician Scoring'!D11 -> 0 | F12: =IF(OR(D12="",E12=""),"",IF(D12=E12,"Yes","No"))
A13: R-10 | B13: ='Answer Key (DO NOT VIEW)'!B11 -> gpt-5.2-thinking-high | C13: ='Answer Key (DO NOT VIEW)'!C11 -> free_text | D13: ='Answer Key (DO NOT VIEW)'!E11 -> A | E13: ='Clinician Scoring'!D12 -> 0 | F13: =IF(OR(D13="",E13=""),"",IF(D13=E13,"Yes","No"))
A14: R-11 | B14: ='Answer Key (DO NOT VIEW)'!B12 -> gemini-3-flash | C14: ='Answer Key (DO NOT VIEW)'!C12 -> free_text | D14: ='Answer Key (DO NOT VIEW)'!E12 -> A | E14: ='Clinician Scoring'!D13 -> 0 | F14: =IF(OR(D14="",E14=""),"",IF(D14=E14,"Yes","No"))
A15: R-12 | B15: ='Answer Key (DO NOT VIEW)'!B13 -> gemini-3-flash | C15: ='Answer Key (DO NOT VIEW)'!C13 -> forced_choice_baseline | D15: ='Answer Key (DO NOT VIEW)'!E13 -> B | E15: ='Clinician Scoring'!D14 -> 0 | F15: =IF(OR(D15="",E15=""),"",IF(D15=E15,"Yes","No"))
... A39: R-36 | B39: ='Answer Key (DO NOT VIEW)'!B37 -> claude-opus-4.6 | C39: ='Answer Key (DO NOT VIEW)'!C37 -> forced_choice_baseline | D39: ='Answer Key (DO NOT VIEW)'!E37 -> A | E39: ='Clinician Scoring'!D38 -> 0 | F39: =IF(OR(D39="",E39=""),"",IF(D39=E39,"Yes","No"))
A41: Summary
A42: Total | B42: =COUNTA(F4:F39)-COUNTIF(F4:F39,"") -> 0
A43: Algorithm = Clinician | B43: =COUNTIF(F4:F39,"Yes") -> 0
A44: Agreement % | B44: =IF(B42=0,"",B43/B42)
A46: By Condition:
A47: forced_choice_baseline match | B47: =SUMPRODUCT((C4:C39="forced_choice_baseline")*(F4:F39="Yes")) -> 0
A48: free_text match | B48: =SUMPRODUCT((C4:C39="free_text")*(F4:F39="Yes")) -> 0
A49: all_constraints match | B49: =SUMPRODUCT((C4:C39="all_constraints")*(F4:F39="Yes")) -> 0
